
INSERT INTO `tag` (`tag_id`, `name`, `popularity_points`) VALUES
(1, 'ইতিহাস', 5),
(2, 'পানি', 4),
(3, 'বাংলাদেশ', 9),
(4, 'ভারত', 4),
(5, 'ধর্ম', 3),
(6, 'নরেন্দ্র মোদী', 5),
(7, 'বাণিজ্য', 2),
(8, 'জন্মাষ্টমী', 9),
(9, 'রাজনীতি', 10),
(10, 'ওবায়দুল কাদের', 5),
(11, 'নির্বাচন', 10),
(12, 'আওয়ামী লীগ', 10),
(13, 'মক্কা', 2),
(14, 'পবিত্র হজ', 2),
(15, 'সৌদি আরব', 3),
(16, 'জামায়াতে ইসলামী', 7),
(17, 'মিছিল', 9),
(18, 'আন্দোলন', 8),
(19, 'বিক্ষোভ', 8),
(20, 'জামায়াত', 7),
(21, 'পার্বতীপুর', 2),
(22, 'রংপুর বিভাগ', 2),
(23, 'ট্রেন চলাচল', 2),
(24, 'দিনাজপুর', 2),
(25, 'ক্রিস্টিয়ানো রোনালদো', 6),
(26, 'ভেনিস', 4),
(27, 'জ্যোতির্বিজ্ঞান', 7),
(28, ' মহাজগত', 9),
(29, 'প্রযুক্তি', 9),
(30, 'মহাকাশ অভিযান', 10),
(31, 'বিজ্ঞান', 10),
(32, 'বিএনপি', 10);

INSERT INTO `content` (`content_id`, `title`, `author`, `content_date`, `sub_title`, `adult_tag`, `body`) VALUES
(1, 'এক যুগ আগে যেভাবে ভেস্তে গিয়েছিল তিস্তা চুক্তি', 'শুভজ্যোতি ঘোষ', '2023-09-03', '', 0, 'সালটা ২০১১। সেপ্টেম্বরের প্রথম সপ্তাহে ভারতের কেন্দ্রীয় মন্ত্রিসভার রুটিন বৈঠক ছিল সেটা।\r\n\r\nতবে দীর্ঘ বারো বছর পর ভারতের কোনও প্রধানমন্ত্রী ওই সপ্তাহেই দ্বিপাক্ষিক সফরে বাংলাদেশ যাচ্ছেন, তাই সেই সফর সংক্রান্ত বেশ কিছু গুরুত্বপূর্ণ বিষয়ও মিটিংয়ের এজেন্ডায় ছিল।\r\n\r\nসেই সব কাগজপত্রের বান্ডিলে তিস্তা চুক্তি সংক্রান্ত একটি খসড়া দেখেই খটকা লাগে ক্যাবিনেটে তৃণমূল কংগ্রেসের একমাত্র সদস্য, দেশের রেলমন্ত্রী দীনেশ ত্রিবেদীর।\r\n\r\nতৃণমূল তার মাত্র তিন-চার মাস আগেই ইতিহাস গড়ে পশ্চিমবঙ্গের ক্ষমতায় এসেছে, রাজ্যের মুখ্যমন্ত্রী হয়েছেন মমতা ব্যানার্জি।বৈঠকে মন্ত্রিসভার অনুমোদন চেয়ে চুক্তির যে খসড়াটি পেশ করা হয়েছিল, দীনেশ ত্রিবেদীর সন্দেহ হয়েছিল তা রাজ্য সরকারের সম্মতি ছাড়াই চূড়ান্ত করা হয়েছে।\r\n\r\nবিষয়টি নিয়ে বৈঠকে অর্থমন্ত্রী তথা কংগ্রেসের শীর্ষস্থানীয় নেতা প্রণব মুখার্জির সঙ্গে তীব্র বাদানুবাদেও জড়িয়ে পড়েন তিনি।\r\n\r\nঅর্থমন্ত্রী হলেও বাংলাদেশের প্রধানমন্ত্রীর সঙ্গে ব্যক্তিগত সুসম্পর্কের সূত্র ধরে সঙ্গে ভারতের হয়ে তিস্তা চুক্তির বিষয়টি মূলত মি. মুখার্জিই তখন দেখছিলেন।'),
(2, 'সূর্যের দিকে যাচ্ছে ভারতের মহাকাশযান আদিত্য - সেখানে গিয়ে কী করবে?', 'Jhon Doe', '2023-09-02', '', 0, 'ভারত তার প্রথম সূর্যাভিযান শুরু করেছে। দেশটির প্রথম সূর্য পর্যবেক্ষণ মিশন ‘আদিত্য-এল ১’ শনিবার শ্রীহরিকোটা থেকে স্থানীয় সময় বেলা ১১টা ৫০ মিনিটে উৎক্ষিপ্ত হয়। আদিত্য সূর্যের আরেক নাম।\r\n\r\nসূর্যের বায়ুমণ্ডল সম্পর্কিত তথ্য সংগ্রহ করবে আদিত্য। পরবর্তী চার মাস ধরে যাত্রা করে সূর্য আর পৃথিবীর মধ্যে একটি ‘হ্যালো’ কক্ষপথের ল্যাগ্রেঞ্জ পয়েন্ট বা এল১ পয়েন্টে স্থাপন করা হবে আদিত্যকে । ল্যাগ্রেঞ্জ পয়েন্টকে সূর্যের পথে যাওয়ার মাঝে একটি পার্কিং লট বলে বর্ণনা করা হয়।\r\n\r\nবিবিসি বাংলায় আরও পড়তে এবং দেখতে পারেনভারত তার প্রথম সূর্যাভিযান শুরু করেছে। দেশটির প্রথম সূর্য পর্যবেক্ষণ মিশন ‘আদিত্য-এল ১’ শনিবার শ্রীহরিকোটা থেকে স্থানীয় সময় বেলা ১১টা ৫০ মিনিটে উৎক্ষিপ্ত হয়। আদিত্য সূর্যের আরেক নাম।\r\n\r\nসূর্যের বায়ুমণ্ডল সম্পর্কিত তথ্য সংগ্রহ করবে আদিত্য। পরবর্তী চার মাস ধরে যাত্রা করে সূর্য আর পৃথিবীর মধ্যে একটি ‘হ্যালো’ কক্ষপথের ল্যাগ্রেঞ্জ পয়েন্ট বা এল১ পয়েন্টে স্থাপন করা হবে আদিত্যকে । ল্যাগ্রেঞ্জ পয়েন্টকে সূর্যের পথে যাওয়ার মাঝে একটি পার্কিং লট বলে বর্ণনা করা হয়।কত খরচ হচ্ছে সূর্যাভিযানে?\r\nমিশনের খরচ কত হবে তা ইসরো জানায়নি, তবে ভারতীয় সংবাদমাধ্যমগুলি বলছে সূর্যাভিযানের জন্য খরচ হচ্ছে প্রায় পৌনে চারশো কোটি ভারতীয় টাকা।\r\n\r\nইসরো বলেছে যে অরবিটারে সাতটি বৈজ্ঞানিক যন্ত্র রয়েছে যা সৌর করোনা (সবচেয়ে বাইরের স্তর) ফটোস্ফিয়ার (সূর্যের পৃষ্ঠ বা যে অংশ আমরা পৃথিবী থেকে দেখি) এবং ক্রোমোস্ফিয়ার (প্লাজমার একটি পাতলা স্তর যা ফটোস্ফিয়ার এবং করোনার মধ্যে থাকে), তিনটি অংশেই নিবিড় পর্যবেক্ষণ চালাবে।\r\n\r\nআদিত্যর পাঠানো তথ্য থেকে সৌর বায়ুচলাচল, সৌর শিখা আর পৃথিবী কাছাকাছি-মহাকাশের আবহাওয়াতে সেগুলির প্রভাব সংক্রান্ত গবেষণা চালাতে পারবেন।\r\n\r\nবিবিসি বাংলায় আরও পড়তে এবং দেখতে পারেন\r\nভারত তার প্রথম সূর্যাভিযান শুরু করেছে। দেশটির প্রথম সূর্য পর্যবেক্ষণ মিশন ‘আদিত্য-এল ১’ শনিবার শ্রীহরিকোটা থেকে স্থানীয় সময় বেলা ১১টা ৫০ মিনিটে উৎক্ষিপ্ত হয়। আদিত্য সূর্যের আরেক নাম।\r\n\r\nসূর্যের বায়ুমণ্ডল সম্পর্কিত তথ্য সংগ্রহ করবে আদিত্য। পরবর্তী চার মাস ধরে যাত্রা করে সূর্য আর পৃথিবীর মধ্যে একটি ‘হ্যালো’ কক্ষপথের ল্যাগ্রেঞ্জ পয়েন্ট বা এল১ পয়েন্টে স্থাপন করা হবে আদিত্যকে । ল্যাগ্রেঞ্জ পয়েন্টকে সূর্যের পথে যাওয়ার মাঝে একটি পার্কিং লট বলে বর্ণনা করা হয়।\r\n\r\nবিবিসি বাংলায় আরও পড়তে এবং দেখতে পারেন\r\n\r\n'),
(3, 'চরম তাপমাত্রা ও অন্ধকার গর্ত - চাঁদের দক্ষিণ মেরু নিয়ে যত রহস্য', 'Naimul Islam', '2023-09-04', 'চরম তাপমাত্রা ও অন্ধকার গর্ত - চাঁদের দক্ষিণ মেরু ', 0, 'এটি এমন এক জায়গা যেখানে মানুষের তৈরি কোনও কিছু আগে যায়নি। গত সপ্তাহে ক্ষুদ্র প্রজ্ঞান রোভারটি তার মাদারশিপ বিক্রম ল্যান্ডার থেকে একটি র‍্যাম্প দিয়ে নিচে নেমে আসে এবং চাঁদের দক্ষিণ মেরুর চারপাশে অনুসন্ধান শুরু করে।\r\n\r\nহিমশীতল, ছড়ানো ছিটানো গর্তে ভরা চাঁদের দক্ষিণ মেরুতে অবতরণ করা প্রথম মহাকাশযান এটি। ১৯৬০ এবং ৭০-এর দশকে অ্যাপোলো মিশনগুলি প্রাথমিকভাবে চাঁদের বিষুবরেখা বা মাঝ বরাবর টার্গেট করেছিল।\r\n\r\n\r\n\"এটি অবিশ্বাস্য যে এমন ঘটছে,\" বলছিলেন যুক্তরাজ্যের দ্য ওপেন ইউনিভার্সিটির একজন গ্রহ বিষয়ক বিজ্ঞানী সিমিওন বারবার।\r\n\r\nভারত, রাশিয়া, যুক্তরাষ্ট্র ও চীন - সবার নজর এখন চাঁদের দক্ষিণ মেরুর দিকে। এর পেছনে একটা উদ্দেশ্য হলো, সেখানের রহস্যঘেরা পরিবেশ সম্পর্কে অনুসন্ধান। এছাড়া যা পাওয়া যাবে সেটা কাজে লাগানোও হয়তো একটা উদ্দেশ্য।\r\n\r\nদক্ষিণ মেরুতে এমন কী রয়েছে যেটা মানুষের জন্য আকর্ষণীয়?সুটকেসের আকৃতির মতো রোভারটি যে অদ্ভুত পরিবেশে রয়েছে সেটা সম্পর্কে বেশ কিছু চমকপ্রদ তথ্য দিয়েছে।\r\n\r\nচাঁদের ধুলোমাখা পথে প্রজ্ঞান রোভারটি প্রতি সেকেন্ডে ১ সেন্টিমিটার (০.৪ ইঞ্চি) পার করতে করতে এর মাদারশিপ থেকে বেশ কয়েক মিটার দূরে চলে এসেছে। পথে এর সেন্সর চাঁদের মাটি কিছুটা খুঁড়েও দেখেছে। তাতে তাপমাত্রার তফাতের এক অদ্ভুত চিত্র সামনে এসেছে। যেখানে চন্দ্রপৃষ্ঠের তাপমাত্রা ৫০ ডিগ্রি সেলসিয়াসের মত উত্তপ্ত, সেখানে মাত্র ৮০ মিলিমিটার বা ৩ ইঞ্চির মতো নিচে তাপমাত্রা মাইনাস ১০ ডিগ্রিতে নেমেছে, যেটা একেবারে হিমশীতল। এটা বিজ্ঞানীদেরও ‘অবাক’ করেছে।\r\n\r\nঅবশ্য চাঁদের চরম তাপমাত্রা সম্পর্কে আগেই ধারণা দিয়েছে নাসা। এর নিরক্ষরেখা বা বিষুবরেখা বরাবর দিনের বেলা তাপমাত্রা ১২০ ডিগ্রি সেলসিয়াসের মতো থাকে, আর রাতের বেলা সেটা মাইনাস ১৩০ ডিগ্রি সেলসিয়াস পর্যন্ত নেমে যেতে পারে। মেরু অঞ্চলে এই তাপমাত্রা আরও কম বলা হয়। যেমন উত্তর মেরুর একটি গর্তে মাইনাস ২৫০ ডিগ্রি সেলসিয়াস পর্যন্ত তাপমাত্রা রেকর্ড করা হয়েছে যা সৌরজগতে পরিমাপযোগ্য তাপমাত্রার মধ্যে সর্বনিম্ন।\r\n\r\nমহাকাশযানে থাকা যন্ত্রাংশের রাসায়নিক বিশ্লেষণ বলছে চাঁদের মাটিতে সালফার, অ্যালুমিনিয়াম, ক্যালসিয়াম আয়রন, টাইটানিয়াম, ম্যাঙ্গানিজ, ক্রোমিয়াম এবং অক্সিজেনের উপস্থিতি রয়েছে।\r\n\r\nএই দুটি প্রাথমিক অনুসন্ধান ইঙ্গিত দেয় - কেন বিজ্ঞানীরা চাঁদের দক্ষিণ মেরু অঞ্চলটি সম্পর্কে জানতে আগ্রহী।'),
(4, 'ফেসবুকে হঠাৎ বন্ধ হয়ে যাচ্ছে বাংলাদেশি ব্যবসায়িক গ্রুপ, কারণ কী?', 'তাফসীর বাবু', '2023-09-03', 'তিন বছর আগে ফেসবুকে ‘রি-সাইকেল বিন’ নামে একটি গ্রু', 0, 'তার এই গ্রুপটিতে খুব দ্রুত যুক্ত হয় প্রায় ১৫ লাখ সদস্য। যারা নিজেরা ঐ গ্রুপটিতে ব্যবহৃত পণ্য বিক্রির জন্য পোস্ট দিতেন অথবা কিনতে পারতেন। কিন্তু মাস খানেক আগে হঠাৎ করেই বন্ধ হয়ে যায় সেই গ্রুপটি।\r\n\r\nফ্লোরিডা শারমিন বিবিসি বাংলাকে বলছিলেন, গ্রুপটি বন্ধ হওয়ার আগ পর্যন্ত তারা এ বিষয়ে কোন ওয়ার্নিং পাননি ফেসবুক থেকে।\r\n\r\nতিনি বলছিলেন, “আমাদের গ্রুপ কোয়ালিটি ছিলো গ্রিন। অর্থাৎ সবকিছু ঠিক আছে। কিন্তু হঠাৎ গ্রুপে ঢুকতে গিয়ে দেখি গ্রুপ নেই। কয়েক সেকেন্ডের মধ্যেই দেখি গ্রুপটা নাই। পরে আমি ফেসবুকের সঙ্গে যোগাযোগ করি। তারাও সুনির্দিষ্ট কোন কারণ জানাতে পারেনি।”\r\n\r\nফ্লোরিডা শারমিন বলছেন, তার গ্রুপে ফেসবুকের কোন কমিউনিটি গাইডলাইন লংঘন হয়েছে কী-না সে বিষয়েও কোন নোটিফিকেশন পাননি তিনি।\r\n\r\nআবার তার মনে এ সংশয়ও রয়েছে যে, ফেসবুক হয়তো এরকম বড় গ্রুপকে ফেসবুক প্লাটফর্ম ব্যবহার করে ব্যবসা করতে দিতে চায় না। কারণ এখান থেকে ফেসবুকের কোন লাভ নেই। তাদের কোন পোস্ট বুস্ট দিতে হয় না, বিজ্ঞাপনও দিতে হয় না।\r\n\r\nতবে কারণ যেটাই হোক, ১৫ লাখ সদস্যের গ্রুপটি হঠাৎ বন্ধ হয়ে যাওয়ায় সদস্য, উদ্যোক্তা সবারই ব্যবসায় এর প্রভাব পড়েছে।\r\n\r\nফ্লোরিডা শারমিন বলছেন, “আমাদের গ্রুপটা ডিজেবল হওয়ার আগে এরকম আরো কয়েকটি গ্রুপ বন্ধ হয়ে গেছে। ফলে আমরা সতর্ক ছিলাম, টেনশনেও ছিলাম। আমরা একটা ব্যাকআপ গ্রুপও খুলেছিলাম। কিন্তু শেষ পর্যন্ত আমাদের গ্রুপটা আর রক্ষা করা যায়নি।\"\r\n\r\n\"এখন আমার নিজের ব্যবসা একদম পড়ে গেছে, গ্রুপে যারা উদ্যোক্তা ছিলো, মডারেটর ছিলো তাদেরও সবার ব্যবসা প্রায় শেষ হয়ে গেছে। গ্রুপকে কেন্দ্র করে একটা কুরিয়ার সার্ভিস খুলেছিলাম, সেটাও ক্ষতিগ্রস্ত,” বলেন মিজ শারমিন।\r\n\r\nআরো পড়তে পারেন:'),
(5, 'মহাবিশ্ব তৈরির রহস্য যেভাবে সন্ধান করছে ইউক্লিড টেলিস্কোপ', 'unknown', '2023-09-04', 'বিজ্ঞানের জগতে সবচেয়ে বড় প্রশ্নগুলোর একটি – এই মহা', 1, 'এর উত্তর খুঁজতে ইউরোপীয় একটি টেলিস্কোপ যুক্তরাষ্ট্রের ফ্লোরিডা থেকে মহাকাশে উৎক্ষেপণ করা হয়েছে।\r\n\r\nএই মিশনের নাম ইউক্লিড যা দূরবর্তী কোটি কোটি গ্যালাক্সির ছবি তুলে এই বিশ্বব্রহ্মাণ্ডের একটি নিখুঁত ত্রিমাত্রিক বা থ্রিডি ম্যাপ তৈরি করবে। বিজ্ঞানীরা এই ম্যাপের সাহায্যে কথিত ডার্ক ম্যাটার ও ডার্ক এনার্জি সম্পর্কে ধারণা পাওয়ার চেষ্টা করবেন।\r\n\r\nধারণা করা হয় মহাবিশ্বে আমরা যা কিছু দেখি তার সবকিছুর আকার ও বিস্তৃতিকে এই দুটো জিনিসই নিয়ন্ত্রণ করে থাকে।\r\n\r\nতবে গবেষকরা স্বীকার করে নিয়েছেন যে এই ডার্ক ম্যাটার ও ডার্ক এনার্জি সম্পর্কে তারা এখনও পর্যন্ত তেমন কিছুই জানেন না। এর কোনোটি সরাসরি চিহ্নিতও করা যায় না।\r\n\r\nএখন এই দুটো বিষয় সম্পর্কে জানতে ইউক্লিডের তৈরি থ্রিডি ম্যাপ ব্যবহার করা হবে। এর সাহায্যে বিজ্ঞানীরা বুঝতে চেষ্টা করবেন ডার্ক এনার্জি ও ডার্ক ম্যাটার মহাবিশ্বের সময় ও স্থানের ওপর কী ধরনের প্রভাব ফেলেছে।\r\n\r\nযুক্তরাজ্যে ল্যাঙ্কাস্টার বিশ্ববিদ্যালয়ের শিক্ষক ও জ্যোতির্বিজ্ঞানী অধ্যাপক ইসোবেল হুক বলেন, জ্ঞানের এই অভাবের কারণে আমরা আমাদের উৎস সম্পর্কে আসলেই কোনো ব্যাখ্যা দিতে পারি না।\r\n\r\nতিনি বলছেন, এই ইউক্লিড মিশন থেকে যা কিছু জানা যাবে সেগুলো এই মহাবিশ্বকে বুঝতে আমাদের সাহায্য করবে।\r\n\r\n“এই মিশন অনেকটা কোথায় স্থলভূমি আছে তা জানার আগে জাহাজে করে যাত্রা করার মতো। এই গবেষণা থেকে জানার চেষ্টা করবো - আমরা এই মহাবিশ্বের কোথায় অবস্থান করছি, কিভাবে আজকের পর্যায়ে এসেছি এবং বিগ ব্যাং মুহূর্তের পর থেকে কিভাবে অপরূপ সব গ্যালাক্সি তৈরি হলো, কিভাবে তৈরি হলো সৌরজগত এবং জন্ম হলো প্রাণের,” - বিবিসিকে বলেন তিনি।'),
(6, 'তৈরি পোশাক রপ্তানির নামে অর্থ পাচারের আসল চিত্র কী?', 'তৈরি পোশাক রপ্তানির নামে অর্থ পাচারের আসল চিত্র কী', '2023-09-05', 'তৈরি পোশাক রপ্তানির আড়ালে বাংলাদেশ থেকে ৮২১ কোটি ট', 0, 'প্রায় ছয় মাস ধরে তদন্তের পর বাংলাদেশের শুল্ক গোয়েন্দারা এটি শনাক্ত করলেও এই পাচারের ঘটনা ঘটেছে গত ছয় বছর ধরে। এই অর্থ পাচারের সঙ্গে একাধিক চক্র জড়িত বলে কর্মকর্তারা জানতে পেরেছেন, যাদের মধ্যে অনেক স্বনামধন্য প্রতিষ্ঠান এবং ব্যক্তির যোগসূত্রও তারা পেয়েছেন।\r\n\r\nএই ঘটনায় উদ্বেগ প্রকাশ করে দুর্নীতি বিরোধী আন্তর্জাতিক প্রতিষ্ঠান ট্রান্সপারেন্সি ইন্টারন্যাশনাল একটি বিবৃতিতে আরও গভীর ও বিস্তৃত তদন্ত সাপেক্ষে অনুকম্পা বা ভয়ের ঊর্ধ্বে থেকে জড়িতদের দৃষ্টান্তমূলক জবাবদিহি নিশ্চিতের আহ্বান জানিয়েছে।\r\n\r\nএর আগেও বাংলাদেশের বেসরকারি সংস্থাগুলোর একাধিক গবেষণায় দেখা গেছে, আমদানি-রপ্তানির সময় পণ্যের দাম বাড়িয়ে বা কমিয়ে দেখানোর মাধ্যমে অর্থ পাচার করা হয়ে থাকে।\r\n\r\nতবে নমুনা পণ্যের নামে অর্থ পাচারের ঘটনা এর আগে শোনা যায়নি।\r\n\r\nঅর্থ পাচারের ঘটনাকে ‘টিপ অব দ্যা আইসবার্গ’ বা মূল ঘটনার ছোট একটি অংশ বলে বর্ণনা করা হচ্ছে। কিন্তু অর্থ পাচারের পুরো চিত্রটি কতো বড়?\r\n\r\nযেভাবে শনাক্ত হলো রপ্তানির নামে অর্থ পাচার\r\nএই বছরের শুরুর দিকে রপ্তানির পর্যায়ে থাকা কয়েকটি পণ্যের চালান আটক করা হয়েছিল কাস্টমস হাউজে। তখন দেখা গেছে, টন টন পণ্য, ভালো কোয়ালিটির টিশার্ট, জ্যাকেট, প্যান্ট- এগুলো বাইরে গেলেও তার বিপরীতে কোন মূল্য দেশে আসছে না। কারণ বিক্রি করার সময় তারা এটাকে নমুনা বলছে।\r\n\r\nসাধারণত তৈরি পোশাক শিল্পে ক্রেতাদের কাছে পণ্যের নমুনা পাঠানো হয়, যাতে তারা ওই পণ্যটি সম্পর্কে ধারণা পেতে পারে। এ ধরনের নমুনার পরিমাণ বেশি হওয়ার কথা নয়। কিন্তু কাস্টমস কর্মকর্তারা দেখতে পান, নমুনা বলে টনকে টন পণ্য জাহাজীকরণ করা হচ্ছে, যেখানে কোন মূল্য নেই। তখন তাদের সন্দেহ হয়। এরপর তারা যাচাই-বাছাই করতে শুরু করেন।'),
(7, 'সরকারি দলকে সমর্থনের জন্য সব পেশাতেই প্রচণ্ড চাপের অভিযোগ', 'Naim', '2023-09-02', 'সরকারি দলকে সমর্থনের জন্য সব পেশাতেই প্রচণ্ড চাপের', 0, 'দেশে বিভিন্ন পেশার সাবেক এবং বর্তমান বেশ কয়েকজন কর্মকর্তার সঙ্গে আলাপ করে এ ধারণা পাওয়া গেছে। তারা বলছেন, এ কারণেই অধ্যাপক মুহাম্মদ ইউনূস ইস্যুতে সরকারি দলের অবস্থানের সঙ্গে মিলিয়ে বক্তব্য, বিবৃতি কিংবা কর্মসূচি পালনের ঢেউ বয়ে যাচ্ছে বাংলাদেশে।\r\n\r\nএকই অবস্থা তৈরি হয়েছিলো গত মার্চে দৈনিক প্রথম আলোর ফেসবুক পাতায় প্রকাশিত একটি ফটো কার্ডকে ঘিরেও।\r\n\r\nসম্প্রতি নোবেল বিজয়ী অর্থনীতিবিদ অধ্যাপক মুহাম্মদ ইউনূসের বিষয়ে ভিন্নমত পোষণ করায় সরকার এবং সরকার সমর্থকদের রোষে পড়েছেন একজন ডেপুটি অ্যাটর্নি জেনারেল।\r\n\r\nবিশ্লেষকরা বলছেন ক্ষমতাসীন দল বা তাদের অবস্থানকেই সমর্থন করতে হবে- এমন পরিবেশ তৈরিতে ক্ষমতাসীন দলের অনুগতদের নেতৃত্বে গঠিত বিভিন্ন পেশাজীবী সংগঠনগুলোই বেশি ভূমিকা রাখছে।\r\n\r\nতাদের সঙ্গে কেউ দ্বিমত পোষণ করলে হেনস্থার শিকার হওয়ার উদাহরণও তৈরি হয়েছে এখন দেশে।\r\n\r\nএমনকি প্রথম আলো এবং অধ্যাপক ইউনূস ইস্যুতে কয়েকটি পেশাজীবী সংগঠন থেকে দেয়া বিবৃতিতে অনুমতি বা কোনো যোগাযোগ ছাড়াও অনেকের নাম ব্যবহারের অভিযোগও এসেছে।\r\n\r\nসাবেক সিনিয়র সচিব আবু আলম মো. শহীদ খান বিবিসিকে বলছেন, সবক্ষেত্রেই পেশাজীবী সংগঠনগুলোর নেতৃত্ব দিচ্ছেন ‘পেশাজীবী কিন্তু রাজনৈতিক নেতারা’ এবং তারা নিজেদের সুবিধা লাভের স্বার্থে সরকারি দলের মতো করে কথা বলছেন।\r\n\r\nতিনি বলেন, \"কিছু ইস্যুতে সবার বিবৃতির ভাষাও অনেকটা একই থাকে। বোঝাই যায়, এগুলো কোথাও তৈরি করে তারপর সবাইকে দেয়া হয়।\"\r\n\r\nতবে, প্রধানমন্ত্রীর বিশেষ সহকারী ও আওয়ামী লীগের দপ্তর সম্পাদক বিপ্লব বড়ুয়া অবশ্য বলছেন আওয়ামী লীগের অবস্থানের পক্ষে বক্তৃতা-বিবৃতি দিতে কাউকে কখনো জোর করা হয়নি।'),
(8, 'বিএনপি কি এখনো সরকারের', 'আবুল কালাম আজাদ', '2023-09-04', 'বাংলাদেশের অন্যতম বড় রাজনৈতিক দল বিএনপি', 1, 'বাংলাদেশের অন্যতম বড় রাজনৈতিক দল বিএনপি তাদের প্রতিষ্ঠার ৪৫ বছর পূর্ণ করেছে এমন এক সময়ে যখন দলটি সবচেয়ে দীর্ঘ সময় ধরে রাষ্ট্র ক্ষমতার বাইরে আছে। অনেকে মনে করেন, ১৭ বছর রাষ্ট্র ক্ষমতার বাইরে থাকা বিএনপির জন্য আগামী নির্বাচন একটি চ্যালেঞ্জ। সরকারের পদত্যাগের দাবিতে দলটি যে একদফা ঘোষণা করেছে সেটি কতটা সফল হবে তা নিয়েও ');

-- 

INSERT INTO `content` (`content_id`, `title`, `author`, `content_date`, `sub_title`, `adult_tag`, `body`) VALUES
(17, 'সামনে নির্বাচন, সময় খারাপ: ওবায়দুল কাদের', 'বিশেষ প্রতিনিধি ', '2023-09-06', 'সামনে জাতীয় সংসদ নির্বাচন। সময়টা খারাপ', 0, 'সামনে জাতীয় সংসদ নির্বাচন। সময়টা খারাপ। এ সময় অশুভ শক্তি সংখ্যালঘু সম্প্রদায়ের ওপর হামলা করতে পারে—এমন আশঙ্কা প্রকাশ করেছেন আওয়ামী লীগের সাধারণ সম্পাদক ওবায়দুল কাদের।\r\n\r\nআজ বুধবার বিকেলে রাজধানীর পলাশী চৌরাস্তায় কেন্দ্রীয় জন্মাষ্টমী উৎসব উপলক্ষে আয়োজিত শোভাযাত্রার আগে সংক্ষিপ্ত সমাবেশে প্রধান অতিথির বক্তব্যে সড়ক পরিবহন ও সেতুমন্ত্রী ওবায়দুল কাদের এই আশঙ্কার কথা বলেন।\r\n\r\nএ সময় মন্ত্রী আগামী দুর্গাপূজায় হিন্দুধর্মাবলম্বীদের জানমালের নিরাপত্তা রক্ষায় আইনশৃঙ্খলা রক্ষাকারী বাহিনীর পাশাপাশি অন্য ধর্মাবলম্বীদের এগিয়ে আসার আহ্বান জানান।  সংখ্যালঘুদের নিরাপত্তার বিষয়ে ওবায়দুল কাদের বলেন, ‘সময়টা খারাপ। এবার আমি ভয় পাচ্ছি যে অশুভ শক্তি বাংলাদেশের জাতীয় নির্বাচন সামনে রেখে এমন কোনো ঘটনা যদি ঘটায়, যেটা হিন্দুদের সাথে এবং প্রতিবেশী দেশ ভারতের সাথে আমাদের সম্পর্কের ফাটল ধরাতে পারে। রাজনৈতিক, সাম্প্রদায়িক, জঙ্গিবাদী, দুর্বৃত্তরা—এ ধরনের ঘটনা ঘটাতে পারে। কাজেই এবার বেশি করে সতর্ক থাকতে হবে।’\r\n\r\nমুসলমানসহ অন্য ধর্মাবলম্বীদের প্রতি আওয়ামী লীগের সাধারণ সম্পাদক বলেন, ‘শারদীয় দুর্গোৎসবে হিন্দু ভাইবোনদের পাশে থাকবেন। সারা দেশে দুর্গাপূজায় মণ্ডপ, হিন্দুদের বাড়িঘর, মন্দির যাতে অশুভ শক্তি ক্ষতি করতে না পারে, সে জন্য সবাইকে আহ্বান করব। হিন্দুদের পাশে দাঁড়াতে হবে। তাদের জীবনের, সম্পদের, বাড়িঘরের, মন্দিরের, মণ্ডপের নিরাপত্তা দিতে হবে।’ তিনি উল্লেখ করেন,  ‘আইনশৃঙ্খলা রক্ষাকারী বাহিনী সতর্ক অবস্থানে আছে। জনগণকেও সতর্ক থাকতে হবে। খুব স্পর্শকাতর সময়। তিন মাস পর জাতীয় নির্বাচন। এই নির্বাচন সামনে রেখে অশুভ শক্তির নানান খেলা আছে।\r\nওবায়দুল কাদের আরও বলেন, গত নির্বাচনে ড. কামাল হোসেনকে নিয়ে বিএনপি নির্বাচনের বিরুদ্ধে নিজেদের অশুভ তাণ্ডব চালিয়েছে। এবারও নোবেল বিজয়ী অর্থনীতিবিদ ইউনূসকে ইস্যু করে মাঠে নামতে চায়। সেই খেলা ইতিমধ্যে শুরু হয়ে গেছে। ইউনূসকে নিয়ে আবার এক-এগারোর অস্বাভাবিক সরকারের খেলায় মেতে উঠতে চায়।\r\n\r\nসংখ্যালঘুদের নিরাপত্তার একমাত্র গ্যারান্টি প্রধানমন্ত্রী শেখ হাসিনা উল্লেখ করে ওবায়দুল কাদের বলেন, ‘এসব অশুভ শক্তিকে নিয়ে বিএনপি অশুভ খেলা খেলতে চায়। কাজেই অসাম্প্রদায়িক, মানবতাবাদ ও গণতন্ত্রে বিশ্বাসীদের সরকারের পাশে দাঁড়াতে হবে। এই সরকারকে টিকিয়ে রাখতে হবে।’\r\n\r\nওবায়দুল কাদের উপস্থিত লোকদের উদ্দেশে বলেন, ‘দেশে অসুরের আস্ফালন হচ্ছে। দুষ্টের সংখ্যা বেড়ে গেছে।’ তিনি বলেন, গত সাড়ে ১৪ বছরে এটা প্রমাণ হয়েছে, শাসক হিসেবে প্রধানমন্ত্রী শেখ হাসিনার চেয়ে রাজনীতিতে সনাতন ধর্মের মানুষের আপন দ্বিতীয় কেউ নেই। আওয়ামী লীগ ক্ষমতায় থাকার সময় হিন্দু সম্প্রদায়ের ভাইবোনেরা নিরাপদে ছিলেন, নিরাপদে আছেন। এক বছর কুমিল্লাসহ কিছু স্থানে দু-তিনটি বিচ্ছিন্ন ঘটনা ঘটেছে।'),
(18, 'জমজমের পানি নিয়ে সৌদি আরবের নির্দেশনা', 'এএফপি কায়রো', '2021-09-03', 'সৌদি আরবে হজ ও ওমরাহ করতে যাওয়া মানুষদের জন্য নির্', 0, 'মক্কার গ্র্যান্ড মসজিদ ও মদিনার মসজিদে নববিতে জীবাণুমুক্ত পাত্রে মুসলিমদের জন্য জমজমের পানি রাখা হয়। সৌদি আরবের হজ ও ওমরাহ–সংক্রান্ত মন্ত্রণালয়ের নির্দেশনা অনুযায়ী, মুসলিমদের ধাক্কাধাক্কি এড়িয়ে চলা এবং পরোপকারী মনোভাব পোষণের পরামর্শ দেওয়া হয়েছে। পবিত্র এ পানি সংগ্রহের ক্ষেত্রে বয়স্করা অগ্রাধিকার পাবেন। এ ছাড়া নির্ধারিত জায়গায় পানি পানের পর কাপগুলো যথাস্থানে রাখতে বলা হয়েছে। জায়গাটিকে পরিষ্কার রাখার স্বার্থে মেঝেতে পানি ফেলা থেকে বিরত থাকার পরামর্শ দেওয়া হয়েছে।\r\nহজ শেষ হওয়ার পর সৌদি আরবে ওমরাহর মৌসুম শুরু হয়েছে। বিশ্বের মুসলিমদের মধ্যে যাঁরা শারীরিক কিংবা আর্থিক কারণে হজ করতে পারেন না, তাঁরা গ্র্যান্ড মসজিদে ওমরাহ করে থাকেন। বিশেষ করে বিদেশি হজ ও ওমরাহ যাত্রীদের কাছে জমজমের পানি জনপ্রিয়। দেশে ফেরার পর স্বজনদের উপহার হিসেবে দিতে তাঁরা জমজমের পানি কিনে থাকেন। ওমরাহ শেষ হওয়ার পর দেশে ফেরার আগে মুসলিমরা নুসুক অ্যাপের মাধ্যমে জমজমের পানির বোতল বুকিং দিয়ে থাকেন।'),
(19, 'শুক্র ও রোববার বিক্ষোভ মিছিল করবে জামায়াত', 'বিশেষ প্রতিনিধি', '2023-09-05', 'জামায়াতে ইসলামী আগামী শুক্র ও রোববার (৮ ও ১০ সেপ্ট', 0, 'শুক্রবার ঢাকা মহানগরে ও রোববার দেশের অন্যান্য মহানগরে বিক্ষোভ মিছিল করবে দলটি। আজ বুধবার সন্ধ্যায় এক বিবৃতিতে জামায়াতে ইসলামীর ভারপ্রাপ্ত সেক্রেটারি জেনারেল মাওলানা এ টি এম মা’ছুম এই কর্মসূচি ঘোষণা করেন।\r\n\r\nবিবৃতিতে বলা হয়, দলের সাবেক নেতা দেলাওয়ার হোসাইন সাঈদীর জানাজায় বাধা, বিভিন্ন স্থানে গায়েবানা জানাজায় হামলা, কয়েক শ নেতা-কর্মীকে গ্রেপ্তার, হাজার হাজার নেতা-কর্মীর বিরুদ্ধে মিথ্যা মামলা দায়েরের প্রতিবাদে এবং জামায়াতের আমির শফিকুর রহমানসহ গ্রেপ্তার নেতা-কর্মীদের মুক্তি ও তত্ত্বাবধায়ক সরকারের অধীনে নির্বাচনের দাবিতে এই কর্মসূচি দেওয়া হয়েছে।'),
(20, 'পার্বতীপুরে নীলসাগর এক্সপ্রেস ট্রেন লাইনচ্যুত, দুই ঘণ্টা চলাচল ব্যাহত', 'প্রতিনিধি সৈয়দপুর, নীলফামারী', '2023-09-21', 'দিনাজপুরের পার্বতীপুর উপজেলায় নীলসাগর এক্সপ্রেস ট্', 0, 'এতে প্রায় দুই ঘণ্টা ট্রেন চলাচল ব্যাহত হয়।\r\n\r\nআন্তনগর নীলসাগর এক্সপ্রেস ট্রেনটি ঢাকা থেকে চিলাহাটি যাওয়ার পথে ট্রেনের পেছন থেকে ২ নম্বর বগির সামনের চারটি চাকা লাইনচ্যুত হলে এ ঘটনা ঘটে। তবে এতে কেউ আহত হননি বলে জানা গেছে।\r\n\r\nএ ব্যাপারে জানতে চাইলে ট্রেনের এসএসফিটার হুমায়ুন কবির বলেন, হুইল মেজারমেন্ট ভেঙে যাওয়ার কারণে বগিটি লাইনচ্যুত হয়।ট্রেনের পরিচালক মো. সিফাত জানান, হুইল মেজারমেন্টর বিষয়টি ৫ দিন আগে বঙ্গবন্ধু সেতুর পূর্ব পাশে তাঁদের নজরে আসে। গত রাতে চিলাহাটি থেকে ঢাকা যাওয়ার পথে সান্তাহার রেলস্টেশনে ক্যারেজ ফিটাররা এসে তা ঠিক করে যান। এদিকে ট্রেনটি জয়পুরহাট থেকে বিরামপুর স্টেশনে পৌঁছানোর পর ঊর্ধ্বতন কর্মকর্তাদের বিষয়টি জানানো হয়। বিভাগীয় মেকানিক্যাল ইঞ্জিনিয়ারকে জানালে তিনি ৬০ কিলোমিটার স্পিডে গাড়ি চালিয়ে যেতে বলেন।\r\n\r\nলোকোমোটিভ মাস্টার মেহেদী হাসান বলেন, ট্রেনের স্পিড পার্বতীপুর-সান্তাহার স্টেশনের মধ্যে ৯০ কিলোমিটার হলেও তিনি নির্দেশনা পেয়ে ৬০ কিলোমিটার গতিতে ট্রেন চালিয়ে নিয়ে আসেন। পার্বতীপুর স্টেশনে প্রবেশের সময় ট্রেন লাইনচ্যুত হয়। পরে তিনটি বগি কেটে রেখে ট্রেনটি স্টেশনে নিয়ে যাওয়া হয়।\r\n\r\nপার্বতীপুর রেলওয়ে স্টেশনমাস্টার রেজাউল করিম মুঠোফোনে বলেন, ট্রেনটির তিনটি কোচের হুইল মেজারমেন্ট ভেঙে পড়ে। ট্রেনটি ঝুঁকিপূর্ণ অবস্থায় পার্বতীপুর রেলওয়ে স্টেশনে প্রবেশ করে। কিন্তু এর আগেই ট্রেনের তিনটি কোচ লাইনচ্যুত হয়। ফলে তাঁরা ওই কোচ তিনটি খুলে রাখার সিদ্ধান্ত নেন। দেড় ঘণ্টা পর তিনটি বগি কেটে রেখে ট্রেনটি চিলাহাটি অভিমুখে ছেড়ে যায়। ট্রেনে গতি কম থাকায় দুর্ঘটনায় কোনো প্রকার ক্ষতি হয়নি বলে জানান তিনি।'),
(21, 'নিরুত্তাপ ভেনিসে উত্তাপ ছড়ালেন রোনালদোর প্রেমিকা', 'রোনালদোর প্রেমিকা', '2023-09-04', '', 1, 'চলছে ভেনিস আন্তর্জাতিক চলচ্চিত্র উৎসবের ৮০তম আসর তবে হলিউডের চলমান ধর্মঘটের কারণে এবার অনেকটা রং হারিয়েছে উৎসব। নেই বড় কোনো তারকা, উৎসব নিয়ে আলোচনাও যেন এবার একটু কম হচ্ছে। তবে নিরুত্তাপ ভেনিসে উত্তাপ ছড়িয়েছেন জর্জিনা রদ্রিগেজ। ');



INSERT INTO `content_tag` (`content_id`, `tag_id`) VALUES
(1, 1),
(1, 2),
(1, 3),
(1, 5),
(1, 4),
(17, 8),
(17, 9),
(17, 10),
(17, 11),
(17, 12),
(18, 13),
(18, 14),
(18, 15),
(19, 9),
(19, 11),
(19, 16),
(19, 17),
(19, 18),
(19, 19),
(19, 20),
(20, 21),
(20, 22),
(20, 23),
(20, 24),
(21, 25),
(21, 26);








INSERT INTO `content_tag` (`content_id`, `tag_id`) VALUES
(2, 4),
(2, 6),
(2, 27),
(2, 28),
(2, 29),
(2, 30),
(2, 31),
(3, 4),
(3, 6),
(3, 27),
(3, 28),
(3, 29),
(3, 30),
(3, 31),
(4, 3),
(4, 18),
(4, 29),
(4, 31),
(5, 27),
(5, 28),
(5, 29),
(5, 30),
(5, 31),
(6, 3),
(6, 7),
(6, 9),
(7, 3),
(7, 9),
(7, 10),
(7, 11),
(7, 12),
(7, 17),
(7, 18),
(7, 19),
(7, 20),
(8, 1),
(8, 3),
(8, 11),
(8, 16),
(8, 17),
(8, 18),
(8, 19),
(8, 20),
(8, 32);


insert into content_rating (content_id,	AverageRating) VALUES (1, 5.4),
(2, 8),
(3, 8.3),
(4,4),
(5,9),
(6, 5),
(7, 8.9),
(8, 2),
(17, 4),
(18, 5.5),
(19, 3),
(21, 4);



insert into user_tag (user_id,	tag_id,	tag_priority) VALUES 
(1, 2, 3),
(1, 3, 4),
(1, 4, 7),
(1, 18, 3),
(1, 9, 12),
(2, 5, 9),
(2, 17, 8),
(2, 13, 10),
(2, 3, 8),
(2, 20, 9),
(2, 16, 3),
(3, 2, 4),
(3, 10, 10),
(3, 17, 8),
(3, 8, 4),
(3, 9, 6);	
